"February 25, 2014 at 11:18PM","February 26, 2014 at 06:30AM",7h 12m,25926,3h 57m,14225,54.33%,3h 15m,11701,44.69%,4m,256,0.98%
"February 26, 2014 at 11:12PM","February 27, 2014 at 05:30AM",6h 30m,23431,3h 39m,13185,54.56%,2h 38m,9480,39.23%,12m,733,3.03%
"March 02, 2014 at 03:15AM","March 02, 2014 at 09:35AM",5h 33m,19980,3h 35m,12900,51.19%,1h 45m,6300,25%,1h 27m,5220,20.71%
"March 02, 2014 at 11:21PM","March 03, 2014 at 06:30AM",7h 12m,25929,3h 41m,13269,49.53%,3h 31m,12660,47.25%,14m,863,3.22%
"March 04, 2014 at 01:03AM","March 04, 2014 at 06:30AM",6h 10m,22202,3h 23m,12199,51.23%,2h 6m,7560,31.75%,26m,1609,6.76%
"March 05, 2014 at 12:45AM","March 05, 2014 at 06:30AM",6h 3m,21788,2h 58m,10686,46.07%,2h 57m,10620,45.78%,23m,1409,6.07%
"March 06, 2014 at 11:07PM","March 07, 2014 at 06:40AM",7h 28m,26908,3h 10m,11427,40.95%,4h 18m,15481,55.48%,16m,997,3.57%
"March 06, 2014 at 12:05AM","March 06, 2014 at 04:20AM",4h 22m,15720,2h 50m,10200,64.15%,1h 30m,5400,33.96%,3m,180,1.13%
"March 07, 2014 at 11:20PM","March 08, 2014 at 06:25AM",6h 59m,25141,3h 47m,13620,50.39%,3h 12m,11521,42.62%,31m,1888,6.99%
"March 09, 2014 at 05:31AM","March 09, 2014 at 08:30AM",4h 28m,16123,2h 16m,8214,40.39%,43m,2580,12.68%,1h 10m,4216,20.73%
"March 09, 2014 at 10:40PM","March 10, 2014 at 07:20AM",7h 5m,25500,0,0,0%,0,0,0%,0,0,0%
"March 10, 2014 at 11:30PM","March 11, 2014 at 06:30AM",7h 0m,25200,0,0,0%,0,0,0%,0,0,0%
"March 11, 2014 at 11:55PM","March 12, 2014 at 06:30AM",6h 41m,24069,3h 32m,12728,51.62%,3h 9m,11341,46%,9m,588,2.38%
"March 13, 2014 at 02:21AM","March 13, 2014 at 07:35AM",5h 2m,18173,2h 16m,8179,39.87%,2h 42m,9773,47.64%,39m,2342,11.42%
"March 14, 2014 at 12:43AM","March 14, 2014 at 06:30AM",5h 47m,20825,3h 8m,11285,48.55%,2h 39m,9540,41.04%,40m,2419,10.41%
"March 15, 2014 at 12:20AM","March 15, 2014 at 07:20AM",7h 21m,26510,3h 29m,12540,46.77%,3h 36m,12983,48.43%,5m,300,1.12%
"March 14, 2014 at 08:30PM","March 14, 2014 at 11:15PM",3h 0m,10800,1h 50m,6600,61.11%,1h 0m,3600,33.33%,0,0,0%
"March 15, 2014 at 11:00PM","March 16, 2014 at 09:00AM",9h 10m,33000,5h 0m,18000,50%,4h 10m,15000,41.67%,50m,3000,8.33%
"March 17, 2014 at 01:53AM","March 17, 2014 at 06:30AM",4h 38m,16688,2h 25m,8708,50.9%,2h 13m,7980,46.64%,7m,420,2.45%
"March 18, 2014 at 12:00AM","March 18, 2014 at 06:40AM",6h 47m,24421,2h 42m,9720,33.7%,3h 55m,14106,48.9%,1h 13m,4424,15.34%
"March 19, 2014 at 01:19AM","March 19, 2014 at 06:30AM",5h 13m,18824,2h 13m,7980,39.16%,3h 0m,10844,53.21%,25m,1556,7.63%
"March 19, 2014 at 11:35PM","March 20, 2014 at 06:20AM",6h 44m,24240,3h 5m,11159,37.61%,3h 38m,13081,44.09%,1h 30m,5432,18.31%
"March 21, 2014 at 01:44AM","March 21, 2014 at 07:20AM",5h 38m,20315,3h 6m,11167,50.83%,2h 24m,8642,39.33%,27m,1656,7.54%
"March 21, 2014 at 10:00PM","March 22, 2014 at 05:00AM",6h 55m,24900,3h 5m,11100,43.53%,3h 50m,13800,54.12%,10m,600,2.35%
"March 24, 2014 at 02:53AM","March 24, 2014 at 08:35AM",5h 36m,20213,3h 8m,11280,49.18%,2h 21m,8473,36.95%,45m,2721,11.86%
"March 25, 2014 at 12:41AM","March 25, 2014 at 08:30AM",7h 43m,27803,4h 30m,16200,56.24%,3h 13m,11603,40.28%,16m,1002,3.48%
"March 26, 2014 at 02:33AM","March 26, 2014 at 09:25AM",6h 14m,22487,3h 56m,14207,55.9%,2h 18m,8280,32.58%,48m,2930,11.53%
"March 27, 2014 at 03:42AM","March 27, 2014 at 09:00AM",5h 8m,18489,2h 56m,10569,51.73%,2h 12m,7920,38.77%,32m,1941,9.5%
"March 30, 2014 at 12:40AM","March 30, 2014 at 08:45AM",7h 55m,28517,4h 22m,15736,53.38%,3h 33m,12781,43.36%,16m,961,3.26%
"March 31, 2014 at 02:13AM","March 31, 2014 at 07:15AM",5h 8m,18528,1h 51m,6660,33.77%,3h 12m,11528,58.45%,19m,1196,6.06%
"March 31, 2014 at 11:27PM","April 01, 2014 at 08:05AM",8h 19m,29974,4h 11m,15060,47.23%,4h 8m,14914,46.78%,31m,1910,5.99%
"April 03, 2014 at 02:20AM","April 03, 2014 at 07:15AM",4h 54m,17640,2h 58m,10739,57.68%,1h 55m,6901,37.07%,16m,977,5.25%
"April 03, 2014 at 10:55PM","April 04, 2014 at 07:00AM",7h 49m,28141,4h 29m,16198,53.78%,3h 19m,11943,39.65%,32m,1977,6.56%
"April 05, 2014 at 12:31AM","April 05, 2014 at 07:10AM",6h 39m,23941,2h 30m,9001,37.01%,4h 9m,14940,61.43%,6m,380,1.56%
"April 06, 2014 at 01:05AM","April 06, 2014 at 08:00AM",7h 12m,25977,3h 23m,12180,43.11%,3h 33m,12780,45.23%,37m,2279,8.07%
"April 07, 2014 at 12:46AM","April 07, 2014 at 06:30AM",5h 45m,20706,3h 2m,10925,51.07%,2h 43m,9781,45.72%,11m,687,3.21%
"April 07, 2014 at 10:52PM","April 08, 2014 at 06:20AM",7h 37m,27445,4h 0m,14400,48.32%,3h 28m,12480,41.88%,39m,2354,7.9%
"April 08, 2014 at 11:12PM","April 09, 2014 at 06:30AM",7h 41m,27715,4h 10m,15007,51.83%,3h 13m,11581,40%,20m,1240,4.28%
"April 09, 2014 at 11:43PM","April 10, 2014 at 06:30AM",6h 37m,23831,3h 37m,13020,51.87%,3h 0m,10811,43.07%,21m,1270,5.06%
"April 15, 2014 at 12:37AM","April 15, 2014 at 06:30AM",5h 56m,21384,3h 2m,10926,46.68%,2h 50m,10201,43.58%,33m,2023,8.64%
"April 15, 2014 at 10:19PM","April 16, 2014 at 06:30AM",8h 12m,29528,4h 10m,15006,45.18%,3h 53m,13980,42.09%,1h 1m,3686,11.1%
"April 16, 2014 at 10:35PM","April 17, 2014 at 06:30AM",8h 10m,29417,4h 14m,15244,48.91%,3h 46m,13560,43.5%,29m,1753,5.62%
"April 17, 2014 at 11:04PM","April 17, 2014 at 11:05PM",2m,172,0,0,0%,2m,172,30.12%,6m,399,69.88%
"April 18, 2014 at 01:30AM","April 18, 2014 at 06:30AM",7h 43m,27780,1h 35m,5700,19.79%,3h 30m,12600,43.75%,17m,1020,3.54%
"April 17, 2014 at 10:30PM","April 18, 2014 at 06:30AM",8h 0m,28800,0,0,0%,0,0,0%,0,0,0%
"April 18, 2014 at 11:05PM","April 19, 2014 at 07:10AM",8h 8m,29327,5h 30m,19847,66.16%,2h 38m,9480,31.6%,11m,673,2.24%
"April 20, 2014 at 12:26AM","April 20, 2014 at 08:05AM",7h 32m,27172,4h 51m,17511,61.52%,2h 41m,9661,33.94%,21m,1294,4.55%
"April 21, 2014 at 12:08AM","April 21, 2014 at 06:30AM",6h 21m,22873,4h 21m,15673,65.82%,2h 0m,7200,30.24%,15m,938,3.94%
"April 21, 2014 at 11:25PM","April 22, 2014 at 07:05AM",7h 25m,26731,4h 18m,15538,51.7%,3h 2m,10928,36.36%,55m,3322,11.05%
"April 22, 2014 at 11:53PM","April 23, 2014 at 06:30AM",6h 40m,24006,3h 18m,11880,47.24%,3h 22m,12126,48.22%,19m,1143,4.54%
"April 24, 2014 at 12:22AM","April 24, 2014 at 06:30AM",6h 7m,22035,2h 42m,9735,42.08%,3h 25m,12300,53.16%,18m,1102,4.76%
"April 24, 2014 at 11:33PM","April 25, 2014 at 06:30AM",7h 0m,25252,3h 6m,11212,43.25%,3h 54m,14040,54.16%,11m,671,2.59%
"April 25, 2014 at 10:45PM","April 26, 2014 at 02:20AM",3h 35m,12900,1h 45m,6300,44.68%,1h 50m,6600,46.81%,20m,1200,8.51%
"April 26, 2014 at 02:57AM","April 26, 2014 at 07:40AM",4h 32m,16320,1h 59m,7140,39.12%,2h 33m,9180,50.3%,32m,1930,10.58%
"April 26, 2014 at 11:25PM","April 27, 2014 at 08:30AM",8h 20m,30000,4h 45m,17100,50%,3h 35m,12900,37.72%,1h 10m,4200,12.28%
"April 28, 2014 at 12:24AM","April 28, 2014 at 06:30AM",6h 8m,22117,2h 6m,7560,30.06%,3h 58m,14280,56.78%,50m,3032,12.06%
"April 29, 2014 at 12:06AM","April 29, 2014 at 06:30AM",6h 37m,23855,3h 55m,14109,53.16%,2h 29m,8952,33.73%,44m,2685,10.12%
"April 30, 2014 at 12:44AM","April 30, 2014 at 05:35AM",5h 20m,19247,1h 44m,6299,31.39%,3h 8m,11281,56.22%,13m,818,4.08%
"May 01, 2014 at 12:17AM","May 01, 2014 at 07:25AM",7h 0m,25236,3h 47m,13677,52.2%,3h 12m,11559,44.11%,16m,967,3.69%
"May 01, 2014 at 07:50PM","May 01, 2014 at 10:15PM",2h 20m,8400,50m,3000,33.33%,1h 30m,5400,60%,10m,600,6.67%
"May 02, 2014 at 02:55AM","May 02, 2014 at 06:40AM",3h 51m,13866,1h 57m,7046,45.16%,1h 43m,6181,39.61%,28m,1737,11.13%
"May 04, 2014 at 04:17AM","May 04, 2014 at 10:30AM",6h 9m,22178,2h 50m,10205,41.15%,3h 17m,11821,47.67%,43m,2621,10.57%
"May 04, 2014 at 11:50PM","May 05, 2014 at 06:30AM",6h 47m,24456,2h 43m,9787,37.75%,4h 0m,14404,55.56%,24m,1469,5.67%
"May 05, 2014 at 10:20PM","May 06, 2014 at 04:35AM",6h 45m,24301,2h 38m,9538,35.52%,3h 33m,12781,47.6%,42m,2548,9.49%
"May 07, 2014 at 12:05AM","May 07, 2014 at 06:55AM",6h 36m,23819,2h 55m,10500,39.52%,3h 36m,12967,48.81%,45m,2747,10.34%
"May 08, 2014 at 04:21AM","May 08, 2014 at 06:30AM",2h 43m,9797,55m,3309,32.57%,1h 16m,4560,44.89%,6m,362,3.56%
"May 08, 2014 at 10:19PM","May 09, 2014 at 06:30AM",8h 33m,30799,4h 16m,15368,46.25%,3h 59m,14341,43.16%,40m,2426,7.3%
"May 09, 2014 at 10:19PM","May 10, 2014 at 07:00AM",9h 27m,34051,5h 38m,20280,58.22%,3h 2m,10921,31.35%,13m,784,2.25%
"May 11, 2014 at 01:46AM","May 11, 2014 at 07:45AM",5h 57m,21420,3h 29m,12540,49.91%,2h 28m,8880,35.34%,1h 1m,3706,14.75%
"May 10, 2014 at 10:05PM","May 10, 2014 at 11:35PM",1h 25m,5100,20m,1200,20%,1h 5m,3900,65%,15m,900,15%
"May 12, 2014 at 12:30AM","May 12, 2014 at 06:30AM",6h 0m,21614,1h 56m,6975,30.18%,4h 2m,14579,63.07%,25m,1500,6.49%
"May 12, 2014 at 10:40PM","May 13, 2014 at 06:30AM",7h 36m,27393,2h 49m,10173,34.85%,4h 47m,17220,58.99%,29m,1799,6.16%
"May 13, 2014 at 10:26PM","May 14, 2014 at 06:30AM",8h 5m,29111,3h 57m,14230,47.22%,4h 8m,14881,49.38%,17m,1022,3.39%
"May 15, 2014 at 01:06AM","May 15, 2014 at 06:30AM",5h 25m,19504,2h 22m,8524,42.87%,3h 3m,10980,55.22%,6m,381,1.92%
"May 15, 2014 at 10:54PM","May 16, 2014 at 06:30AM",7h 35m,27348,3h 27m,12468,43.61%,4h 8m,14880,52.05%,20m,1242,4.34%
"May 17, 2014 at 12:45AM","May 17, 2014 at 07:30AM",6h 55m,24900,3h 50m,13800,47.92%,2h 40m,9600,33.33%,1h 5m,3900,13.54%
"May 18, 2014 at 12:30AM","May 18, 2014 at 02:00AM",1h 30m,5400,0,0,0%,0,0,0%,0,0,0%
"May 18, 2014 at 03:08AM","May 18, 2014 at 07:30AM",4h 46m,17192,1h 40m,6000,33.98%,2h 43m,9780,55.4%,7m,463,2.62%
"May 19, 2014 at 12:42AM","May 19, 2014 at 06:30AM",5h 47m,20824,2h 17m,8224,38.05%,3h 30m,12600,58.29%,13m,792,3.66%
"May 20, 2014 at 12:53AM","May 20, 2014 at 06:30AM",6h 9m,22173,2h 50m,10209,41.56%,2h 48m,10080,41.03%,39m,2394,9.74%
"May 22, 2014 at 12:02AM","May 22, 2014 at 06:30AM",6h 29m,23347,4h 11m,15066,62.72%,2h 18m,8281,34.47%,11m,675,2.81%
"May 22, 2014 at 11:16PM","May 23, 2014 at 06:30AM",7h 57m,28632,3h 12m,11528,38.52%,4h 8m,14882,49.72%,21m,1299,4.34%
"May 24, 2014 at 12:50AM","May 24, 2014 at 07:50AM",7h 0m,25200,2h 45m,9900,33.67%,4h 15m,15300,52.04%,1h 10m,4200,14.29%
"May 24, 2014 at 08:30PM","May 25, 2014 at 05:00AM",8h 5m,29100,3h 35m,12900,42.16%,4h 30m,16200,52.94%,25m,1500,4.9%
"May 25, 2014 at 05:35AM","May 25, 2014 at 09:00AM",3h 41m,13289,2h 9m,7740,51.8%,1h 18m,4680,31.32%,27m,1654,11.07%
"May 25, 2014 at 11:36PM","May 26, 2014 at 08:10AM",9h 32m,34362,4h 55m,17714,47.55%,3h 26m,12360,33.18%,48m,2891,7.76%
"May 27, 2014 at 12:41AM","May 27, 2014 at 06:30AM",5h 52m,21164,3h 43m,13380,56.96%,1h 56m,6960,29.63%,38m,2325,9.9%
"May 28, 2014 at 02:52AM","May 28, 2014 at 06:30AM",3h 45m,13552,1h 40m,6012,38.45%,1h 58m,7080,45.28%,34m,2083,13.32%
"May 29, 2014 at 03:57AM","May 29, 2014 at 06:30AM",2h 44m,9884,1h 36m,5770,50.92%,1h 4m,3840,33.89%,24m,1448,12.78%
"May 30, 2014 at 12:29AM","May 30, 2014 at 06:30AM",6h 4m,21845,2h 52m,10323,44.85%,3h 12m,11522,50.06%,19m,1170,5.08%
"May 30, 2014 at 11:41PM","May 31, 2014 at 08:05AM",9h 2m,32572,3h 59m,14340,42.36%,4h 15m,15332,45.29%,21m,1278,3.78%
"May 31, 2014 at 11:24PM","June 01, 2014 at 07:40AM",8h 17m,29849,6h 29m,23369,77.29%,1h 48m,6480,21.43%,6m,386,1.28%
"June 01, 2014 at 11:14PM","June 02, 2014 at 06:30AM",7h 15m,26126,4h 57m,17846,66.48%,2h 18m,8280,30.84%,12m,720,2.68%
"June 03, 2014 at 03:14AM","June 03, 2014 at 06:30AM",4h 23m,15781,1h 25m,5100,29.94%,1h 52m,6727,39.49%,20m,1254,7.36%
"June 04, 2014 at 12:47AM","June 04, 2014 at 06:30AM",5h 46m,20766,2h 15m,8100,37.39%,3h 31m,12666,58.46%,14m,899,4.15%
"June 09, 2014 at 01:56AM","June 09, 2014 at 07:10AM",5h 9m,18567,2h 9m,7746,38.57%,3h 0m,10821,53.88%,25m,1518,7.56%
"June 09, 2014 at 10:59PM","June 10, 2014 at 06:00AM",7h 9m,25765,3h 42m,13379,50.25%,3h 18m,11881,44.62%,14m,862,3.24%
"June 11, 2014 at 12:37AM","June 11, 2014 at 06:10AM",5h 37m,20246,3h 4m,11040,52.74%,2h 28m,8880,42.42%,11m,686,3.28%
"June 11, 2014 at 10:53PM","June 12, 2014 at 06:00AM",7h 8m,25680,3h 44m,13499,51.21%,3h 23m,12181,46.21%,11m,679,2.58%
"June 13, 2014 at 01:05AM","June 13, 2014 at 07:10AM",6h 19m,22771,2h 16m,8160,33.73%,3h 46m,13567,56.08%,23m,1423,5.88%
"June 14, 2014 at 12:21AM","June 14, 2014 at 07:30AM",7h 3m,25393,3h 42m,13320,44.88%,3h 16m,11761,39.62%,1h 11m,4288,14.45%
"June 14, 2014 at 11:44PM","June 15, 2014 at 06:50AM",7h 11m,25889,3h 39m,13140,48.76%,3h 29m,12540,46.54%,17m,1057,3.92%
"June 15, 2014 at 11:14PM","June 16, 2014 at 06:10AM",7h 38m,27531,3h 51m,13860,49.32%,3h 4m,11040,39.28%,9m,574,2.04%
"June 16, 2014 at 11:47PM","June 17, 2014 at 06:10AM",6h 32m,23523,4h 11m,15060,62.08%,2h 13m,7980,32.9%,12m,735,3.03%
"June 17, 2014 at 10:50PM","June 18, 2014 at 06:05AM",7h 16m,26160,4h 20m,15600,56.52%,2h 55m,10500,38.04%,24m,1440,5.22%
"June 18, 2014 at 10:55PM","June 19, 2014 at 06:10AM",7h 18m,26319,4h 5m,14700,53.02%,3h 6m,11200,40.4%,23m,1404,5.06%
"June 22, 2014 at 01:20AM","June 22, 2014 at 07:20AM",6h 2m,21732,3h 47m,13620,58.78%,2h 15m,8100,34.96%,23m,1439,6.21%
"June 23, 2014 at 01:50AM","June 23, 2014 at 09:30AM",7h 40m,27600,15m,900,3.26%,7h 25m,26700,96.74%,0,0,0%
"June 29, 2014 at 01:27AM","June 29, 2014 at 09:15AM",7h 37m,27420,4h 17m,15420,53.01%,3h 20m,12000,41.25%,27m,1670,5.74%
"June 30, 2014 at 02:34AM","June 30, 2014 at 07:25AM",4h 44m,17042,2h 23m,8582,48.14%,2h 21m,8460,47.45%,13m,787,4.41%
"June 30, 2014 at 10:50PM","July 01, 2014 at 06:10AM",7h 37m,27420,5h 10m,18600,64.58%,2h 10m,7800,27.08%,23m,1380,4.79%
"July 02, 2014 at 12:22AM","July 02, 2014 at 06:10AM",5h 54m,21275,3h 9m,11399,51.66%,2h 38m,9481,42.97%,13m,791,3.58%
"July 02, 2014 at 11:00PM","July 03, 2014 at 06:15AM",7h 50m,28242,4h 0m,14459,46.49%,3h 5m,11102,35.69%,47m,2861,9.2%
"July 04, 2014 at 01:38AM","July 04, 2014 at 07:05AM",5h 13m,18837,3h 55m,14114,57.56%,1h 16m,4560,18.6%,1h 34m,5685,23.18%
"July 05, 2014 at 12:30AM","July 05, 2014 at 09:35AM",8h 33m,30780,2h 50m,10200,28.33%,4h 55m,17700,49.17%,1h 27m,5220,14.5%
"July 06, 2014 at 12:20AM","July 06, 2014 at 06:15AM",5h 57m,21420,2h 59m,10740,44.15%,2h 58m,10680,43.9%,48m,2906,11.95%
"July 06, 2014 at 01:39PM","July 06, 2014 at 04:00PM",2h 21m,8460,27m,1620,17.15%,1h 54m,6840,72.42%,16m,985,10.43%
"July 07, 2014 at 03:41AM","July 07, 2014 at 07:20AM",3h 18m,11882,1h 55m,6918,47.17%,1h 18m,4680,31.91%,46m,2785,18.99%
"July 07, 2014 at 11:31PM","July 08, 2014 at 06:10AM",6h 35m,23717,4h 1m,14476,53.75%,2h 34m,9241,34.31%,53m,3217,11.94%
"July 09, 2014 at 01:21AM","July 09, 2014 at 07:10AM",5h 56m,21412,3h 44m,13440,59.39%,2h 3m,7380,32.61%,20m,1217,5.38%
"July 09, 2014 at 10:19PM","July 10, 2014 at 06:10AM",8h 52m,31925,4h 36m,16560,49.57%,3h 10m,11408,34.15%,24m,1479,4.43%
"July 11, 2014 at 12:11AM","July 11, 2014 at 06:30AM",6h 22m,22959,3h 13m,11593,47.36%,2h 59m,10740,43.88%,25m,1517,6.2%
"July 12, 2014 at 12:51AM","July 12, 2014 at 08:05AM",7h 17m,26240,3h 58m,14280,52.89%,3h 18m,11880,44%,12m,758,2.81%
"July 13, 2014 at 12:02AM","July 13, 2014 at 09:00AM",9h 29m,34175,5h 25m,19501,54.21%,3h 26m,12372,34.39%,30m,1801,5.01%
"July 14, 2014 at 12:08AM","July 14, 2014 at 05:55AM",6h 31m,23475,2h 39m,9560,38.28%,3h 10m,11400,45.65%,25m,1500,6.01%
"July 14, 2014 at 11:33PM","July 15, 2014 at 05:55AM",6h 27m,23257,3h 30m,12612,50.1%,2h 54m,10440,41.47%,31m,1917,7.61%
"July 15, 2014 at 10:50PM","July 16, 2014 at 06:10AM",7h 44m,27857,4h 29m,16151,55.62%,2h 45m,9900,34.1%,19m,1179,4.06%
"July 17, 2014 at 12:13AM","July 17, 2014 at 06:00AM",6h 3m,21797,3h 9m,11390,50.6%,2h 43m,9787,43.48%,11m,711,3.16%
"July 17, 2014 at 09:38PM","July 18, 2014 at 06:10AM",8h 49m,31771,4h 27m,16043,47.96%,3h 48m,13683,40.9%,28m,1680,5.02%
"July 18, 2014 at 11:33PM","July 19, 2014 at 07:25AM",7h 49m,28157,4h 42m,16920,57.64%,2h 58m,10681,36.39%,19m,1198,4.08%
"October 01, 2014 at 11:50PM","October 02, 2014 at 06:00AM",6h 12m,22347,3h 38m,13108,57.1%,2h 33m,9239,40.25%,10m,608,2.65%
"October 03, 2014 at 12:00AM","October 03, 2014 at 05:55AM",5h 58m,21497,4h 0m,14401,62%,1h 58m,7096,30.55%,28m,1730,7.45%
"October 03, 2014 at 11:07PM","October 04, 2014 at 06:10AM",6h 49m,24594,4h 38m,16731,62.84%,2h 11m,7863,29.53%,33m,2032,7.63%
"October 04, 2014 at 11:49PM","October 05, 2014 at 08:00AM",8h 10m,29459,5h 43m,20580,63.49%,2h 27m,8879,27.39%,49m,2955,9.12%
"October 06, 2014 at 12:08AM","October 06, 2014 at 06:35AM",6h 14m,22466,4h 13m,15206,63.75%,2h 1m,7260,30.44%,23m,1386,5.81%
"October 08, 2014 at 10:41PM","October 09, 2014 at 06:15AM",7h 21m,26470,4h 15m,15309,53.49%,3h 6m,11161,38.99%,35m,2152,7.52%
"October 09, 2014 at 10:32PM","October 10, 2014 at 05:55AM",7h 24m,26652,3h 26m,12363,42.6%,3h 58m,14289,49.24%,39m,2369,8.16%
"October 10, 2014 at 10:55PM","October 11, 2014 at 06:10AM",7h 18m,26280,3h 40m,13200,48.35%,3h 35m,12900,47.25%,17m,1020,3.74%
"October 11, 2014 at 10:20PM","October 11, 2014 at 10:40PM",20m,1200,10m,600,22.22%,10m,600,22.22%,25m,1500,55.56%
"October 11, 2014 at 11:05PM","October 12, 2014 at 08:00AM",8h 57m,32268,5h 8m,18524,55.82%,3h 49m,13744,41.42%,15m,915,2.76%
"October 13, 2014 at 12:52AM","October 13, 2014 at 06:15AM",5h 13m,18832,2h 8m,7701,37.45%,3h 5m,11131,54.13%,28m,1733,8.43%
"October 13, 2014 at 10:59PM","October 14, 2014 at 06:00AM",6h 55m,24908,3h 26m,12372,41.22%,3h 28m,12536,41.77%,1h 25m,5104,17.01%
"October 14, 2014 at 10:19PM","October 15, 2014 at 06:15AM",7h 54m,28479,4h 2m,14547,49.1%,3h 52m,13932,47.02%,19m,1149,3.88%
"October 15, 2014 at 11:08PM","October 16, 2014 at 05:55AM",6h 46m,24378,2h 32m,9137,31.83%,4h 14m,15241,53.1%,1h 12m,4324,15.07%
"October 16, 2014 at 11:15PM","October 17, 2014 at 06:30AM",7h 5m,25500,3h 50m,13800,48.94%,3h 15m,11700,41.49%,45m,2700,9.57%
"October 18, 2014 at 12:09AM","October 18, 2014 at 08:30AM",8h 21m,30088,5h 48m,20911,59.95%,2h 32m,9177,26.31%,1h 19m,4794,13.74%
"October 18, 2014 at 10:05PM","October 18, 2014 at 11:30PM",1h 25m,5100,1h 0m,3600,63.16%,25m,1500,26.32%,10m,600,10.53%
"October 19, 2014 at 01:29AM","October 19, 2014 at 08:05AM",6h 34m,23640,4h 11m,15060,58.81%,2h 23m,8580,33.5%,32m,1969,7.69%
"October 19, 2014 at 11:05PM","October 20, 2014 at 07:45AM",7h 58m,28691,4h 26m,15969,48.77%,3h 19m,11947,36.48%,1h 7m,4055,12.38%
"October 20, 2014 at 10:58PM","October 21, 2014 at 06:00AM",7h 3m,25414,3h 15m,11700,40.48%,3h 48m,13714,47.45%,58m,3486,12.06%
"October 21, 2014 at 10:31PM","October 22, 2014 at 06:10AM",6h 35m,23759,3h 35m,12959,45.06%,3h 0m,10800,37.55%,1h 23m,5003,17.39%
"October 22, 2014 at 10:15PM","October 22, 2014 at 10:35PM",24m,1491,12m,748,34.55%,0,0,0%,11m,674,31.13%
"October 22, 2014 at 11:30PM","October 23, 2014 at 06:30AM",6h 53m,24815,2h 22m,8550,31.03%,4h 22m,15731,57.09%,45m,2738,9.94%
"October 23, 2014 at 10:50PM","October 24, 2014 at 06:20AM",7h 35m,27326,3h 7m,11222,39.98%,4h 20m,15606,55.59%,12m,745,2.65%
"October 24, 2014 at 10:18PM","October 25, 2014 at 08:05AM",9h 47m,35276,5h 38m,20338,56.14%,4h 8m,14938,41.23%,15m,951,2.63%
"October 26, 2014 at 03:07AM","October 26, 2014 at 09:00AM",5h 46m,20767,2h 48m,10082,46.16%,2h 58m,10685,48.92%,17m,1073,4.91%
"October 26, 2014 at 12:25AM","October 26, 2014 at 02:00AM",1h 35m,5700,50m,3000,43.48%,45m,2700,39.13%,20m,1200,17.39%
"October 26, 2014 at 11:39PM","October 27, 2014 at 06:00AM",6h 28m,23334,2h 37m,9430,38.75%,3h 44m,13441,55.23%,16m,1001,4.11%
"October 28, 2014 at 01:19AM","October 28, 2014 at 06:25AM",5h 5m,18345,2h 32m,9144,46.98%,2h 28m,8880,45.63%,18m,1118,5.74%
"October 29, 2014 at 02:15AM","October 29, 2014 at 08:25AM",6h 0m,21600,3h 0m,10800,42.86%,3h 0m,10800,42.86%,1h 0m,3600,14.29%
"October 29, 2014 at 11:19PM","October 30, 2014 at 07:05AM",7h 29m,26951,3h 45m,13509,45.02%,3h 44m,13442,44.8%,50m,3055,10.18%
"October 30, 2014 at 11:41PM","October 31, 2014 at 07:00AM",7h 14m,26055,3h 21m,12074,43.03%,3h 53m,13981,49.83%,33m,2004,7.14%
"November 01, 2014 at 12:19AM","November 01, 2014 at 06:55AM",6h 38m,23892,2h 58m,10739,43.28%,3h 39m,13153,53.01%,15m,922,3.72%
"November 02, 2014 at 01:45AM","November 02, 2014 at 08:00AM",7h 16m,26161,4h 55m,17701,66.24%,2h 21m,8460,31.66%,9m,560,2.1%
"November 02, 2014 at 02:15PM","November 02, 2014 at 03:50PM",1h 35m,5700,1h 25m,5100,89.47%,10m,600,10.53%,0,0,0%
"November 03, 2014 at 12:23AM","November 03, 2014 at 06:00AM",5h 44m,20657,2h 35m,9302,37.49%,2h 59m,10747,43.32%,1h 9m,4153,16.74%
"November 04, 2014 at 12:07AM","November 04, 2014 at 05:50AM",5h 46m,20780,3h 10m,11422,50.29%,2h 28m,8882,39.11%,32m,1933,8.51%
"November 04, 2014 at 10:42PM","November 05, 2014 at 06:00AM",7h 18m,26289,4h 36m,16570,56.18%,2h 41m,9719,32.95%,53m,3208,10.88%
"November 05, 2014 at 10:56PM","November 06, 2014 at 06:00AM",6h 57m,25052,2h 52m,10352,36.43%,4h 5m,14700,51.73%,56m,3363,11.84%
"November 06, 2014 at 11:17PM","November 07, 2014 at 06:00AM",6h 41m,24084,3h 21m,12074,46.37%,3h 20m,12010,46.12%,32m,1957,7.52%
"November 08, 2014 at 01:51AM","November 08, 2014 at 07:25AM",5h 38m,20280,4h 24m,15899,76%,1h 13m,4381,20.94%,10m,639,3.05%
"November 09, 2014 at 12:10AM","November 09, 2014 at 08:05AM",8h 0m,28800,5h 30m,19800,66.67%,2h 30m,9000,30.3%,15m,900,3.03%
"November 09, 2014 at 11:10PM","November 10, 2014 at 05:45AM",6h 30m,23416,4h 8m,14896,60.96%,2h 22m,8520,34.87%,17m,1021,4.18%
"November 11, 2014 at 12:05AM","November 11, 2014 at 06:20AM",6h 15m,22500,0,0,0%,0,0,0%,0,0,0%
"November 11, 2014 at 12:05AM","November 11, 2014 at 06:20AM",6h 15m,22500,0,0,0%,0,0,0%,0,0,0%
"November 11, 2014 at 12:14AM","November 11, 2014 at 06:15AM",5h 57m,21479,3h 6m,11160,39.71%,2h 50m,10204,36.31%,1h 50m,6623,23.57%
"November 10, 2014 at 11:50PM","November 11, 2014 at 06:15AM",6h 25m,23100,0,0,0%,0,0,0%,0,0,0%
"November 12, 2014 at 12:09AM","November 12, 2014 at 07:00AM",6h 50m,24622,4h 5m,14721,54.66%,2h 45m,9901,36.76%,38m,2310,8.58%
"November 12, 2014 at 12:05AM","November 12, 2014 at 07:11AM",7h 6m,25562,0,0,0%,0,0,0%,0,0,0%
"November 12, 2014 at 10:02PM","November 13, 2014 at 05:50AM",7h 51m,28285,4h 22m,15742,52.52%,3h 29m,12543,41.84%,28m,1691,5.64%
"November 13, 2014 at 10:48PM","November 14, 2014 at 05:45AM",6h 59m,25189,4h 51m,17510,64.52%,2h 7m,7679,28.3%,32m,1950,7.19%
"November 14, 2014 at 11:35PM","November 15, 2014 at 07:30AM",7h 56m,28581,6h 14m,22440,77.69%,1h 42m,6141,21.26%,5m,303,1.05%
"November 16, 2014 at 03:51AM","November 16, 2014 at 07:30AM",3h 42m,13348,2h 59m,10769,65.95%,42m,2579,15.79%,49m,2981,18.26%
"November 16, 2014 at 12:30AM","November 16, 2014 at 03:00AM",2h 30m,9000,0,0,0%,0,0,0%,0,0,0%
"November 16, 2014 at 10:04PM","November 17, 2014 at 05:20AM",7h 8m,25714,3h 42m,13323,49.42%,3h 26m,12391,45.96%,20m,1246,4.62%
"November 17, 2014 at 10:22PM","November 18, 2014 at 05:30AM",7h 8m,25698,4h 13m,15180,56.44%,2h 55m,10518,39.11%,19m,1198,4.45%
"November 18, 2014 at 11:20PM","November 19, 2014 at 05:30AM",6h 9m,22147,2h 59m,10798,45.28%,3h 9m,11349,47.59%,28m,1698,7.12%
"November 19, 2014 at 11:21PM","November 20, 2014 at 05:30AM",6h 8m,22084,3h 10m,11404,44.96%,2h 58m,10680,42.1%,54m,3283,12.94%
"November 20, 2014 at 10:33PM","November 21, 2014 at 05:40AM",7h 4m,25445,3h 48m,13682,48.26%,3h 6m,11171,39.4%,48m,2908,10.26%
"November 21, 2014 at 10:43PM","November 22, 2014 at 06:25AM",7h 25m,26702,4h 8m,14939,51.01%,3h 16m,11763,40.16%,43m,2586,8.83%
"November 21, 2014 at 10:05PM","November 22, 2014 at 02:05PM",16h 0m,57600,0,0,0%,0,0,0%,0,0,0%
"November 23, 2014 at 03:13AM","November 23, 2014 at 08:25AM",5h 11m,18695,2h 38m,9510,45.92%,2h 33m,9185,44.35%,33m,2014,9.73%
"November 23, 2014 at 10:30PM","November 24, 2014 at 05:30AM",6h 48m,24505,4h 5m,14756,54.63%,2h 42m,9749,36.1%,41m,2504,9.27%
"November 24, 2014 at 10:58PM","November 25, 2014 at 05:30AM",6h 37m,23861,3h 19m,11998,48.12%,3h 11m,11481,46.05%,17m,1071,4.3%
"November 25, 2014 at 10:11PM","November 26, 2014 at 06:00AM",7h 43m,27806,4h 36m,16586,56.39%,3h 7m,11220,38.15%,26m,1607,5.46%
"November 26, 2014 at 10:35PM","November 27, 2014 at 05:40AM",6h 51m,24715,3h 57m,14252,52.16%,2h 54m,10463,38.29%,43m,2610,9.55%
"November 28, 2014 at 04:54AM","November 28, 2014 at 08:50AM",3h 1m,10883,1h 6m,3965,24.98%,1h 55m,6918,43.59%,1h 23m,4987,31.42%
"November 29, 2014 at 12:15AM","November 29, 2014 at 07:30AM",6h 44m,24241,4h 16m,15363,54.02%,2h 20m,8423,29.62%,1h 9m,4197,14.76%
"November 30, 2014 at 01:44AM","November 30, 2014 at 07:45AM",6h 3m,21807,3h 43m,13380,60.38%,2h 20m,8427,38.03%,5m,354,1.6%
"November 29, 2014 at 10:15PM","November 30, 2014 at 12:20AM",2h 9m,7744,1h 15m,4500,55.56%,45m,2700,33.33%,5m,356,4.4%
"November 30, 2014 at 01:30PM","November 30, 2014 at 02:30PM",1h 0m,3600,0,0,0%,0,0,0%,0,0,0%
"November 30, 2014 at 10:27PM","December 01, 2014 at 05:30AM",7h 3m,25392,4h 52m,17523,66.4%,2h 11m,7869,29.82%,16m,999,3.79%
"December 02, 2014 at 12:17AM","December 02, 2014 at 05:20AM",5h 2m,18132,2h 29m,8949,44.42%,2h 33m,9183,45.58%,33m,2013,9.99%
"December 02, 2014 at 10:10PM","December 03, 2014 at 06:15AM",7h 45m,27953,3h 32m,12720,42.18%,4h 13m,15233,50.51%,36m,2205,7.31%
"December 03, 2014 at 10:54PM","December 04, 2014 at 05:30AM",6h 35m,23717,4h 11m,15080,58.43%,2h 23m,8637,33.47%,34m,2090,8.1%
"December 04, 2014 at 10:32PM","December 05, 2014 at 05:20AM",7h 7m,25677,2h 51m,10263,37.58%,4h 1m,14462,52.95%,27m,1633,5.98%
"December 05, 2014 at 11:45PM","December 06, 2014 at 06:30AM",6h 30m,23400,4h 30m,16200,64.29%,2h 0m,7200,28.57%,30m,1800,7.14%
"December 07, 2014 at 12:50AM","December 07, 2014 at 06:45AM",6h 9m,22140,2h 35m,9300,39.74%,3h 20m,12000,51.28%,21m,1260,5.38%
"December 08, 2014 at 12:46AM","December 08, 2014 at 05:45AM",4h 49m,17348,1h 55m,6901,33.52%,2h 54m,10447,50.75%,53m,3238,15.73%
"December 08, 2014 at 09:53PM","December 09, 2014 at 05:40AM",7h 9m,25791,4h 21m,15710,54.6%,2h 48m,10081,35.04%,49m,2981,10.36%
"December 09, 2014 at 10:49PM","December 10, 2014 at 05:20AM",6h 35m,23735,3h 42m,13329,48.8%,2h 53m,10406,38.09%,59m,3581,13.11%
"December 10, 2014 at 10:34PM","December 11, 2014 at 05:25AM",6h 53m,24805,3h 40m,13202,52.07%,3h 13m,11603,45.77%,9m,548,2.16%
"December 12, 2014 at 10:30PM","December 13, 2014 at 07:25AM",8h 45m,31500,6h 0m,21600,66.67%,2h 45m,9900,30.56%,15m,900,2.78%
"December 12, 2014 at 12:30AM","December 12, 2014 at 06:00AM",5h 25m,19500,2h 30m,9000,41.67%,2h 55m,10500,48.61%,35m,2100,9.72%
"December 14, 2014 at 03:41AM","December 14, 2014 at 09:05AM",5h 23m,19382,3h 30m,12600,61.53%,1h 53m,6782,33.12%,18m,1095,5.35%
"December 14, 2014 at 09:34AM","December 14, 2014 at 10:00AM",30m,1802,30m,1802,23.34%,0,0,0%,1h 38m,5920,76.66%
"December 14, 2014 at 11:21PM","December 15, 2014 at 05:30AM",6h 12m,22355,2h 44m,9857,42.81%,3h 28m,12498,54.28%,11m,670,2.91%
"December 15, 2014 at 10:47PM","December 16, 2014 at 05:45AM",6h 56m,24963,3h 32m,12756,47.78%,3h 23m,12207,45.73%,28m,1733,6.49%
"December 16, 2014 at 10:22PM","December 17, 2014 at 05:30AM",7h 7m,25647,3h 30m,12600,46.8%,3h 37m,13047,48.46%,21m,1275,4.74%
"December 17, 2014 at 10:24PM","December 18, 2014 at 05:30AM",7h 5m,25529,3h 29m,12599,44.58%,3h 28m,12493,44.21%,45m,2731,9.66%
"December 18, 2014 at 10:30PM","December 19, 2014 at 05:30AM",6h 50m,24625,3h 38m,13101,47.93%,3h 12m,11524,42.16%,45m,2711,9.92%
"December 20, 2014 at 03:26AM","December 20, 2014 at 08:45AM",5h 13m,18839,2h 48m,10083,50.88%,2h 25m,8756,44.18%,16m,980,4.94%
"December 20, 2014 at 03:36PM","December 20, 2014 at 04:15PM",38m,2325,15m,945,14.59%,23m,1380,21.3%,1h 9m,4153,64.11%
"December 20, 2014 at 10:30PM","December 20, 2014 at 11:30PM",1h 0m,3600,20m,1200,33.33%,40m,2400,66.67%,0,0,0%
"December 21, 2014 at 12:14AM","December 21, 2014 at 07:30AM",7h 16m,26184,4h 10m,15001,53.67%,3h 6m,11183,40.01%,29m,1767,6.32%
"December 21, 2014 at 12:10AM","December 21, 2014 at 07:31AM",7h 21m,26483,0,0,0%,0,0,0%,0,0,0%
"December 21, 2014 at 11:44PM","December 22, 2014 at 06:30AM",6h 42m,24167,4h 3m,14627,55.42%,2h 39m,9540,36.14%,37m,2228,8.44%
"December 22, 2014 at 10:08PM","December 23, 2014 at 06:30AM",8h 20m,30011,5h 26m,19571,62.36%,2h 54m,10440,33.27%,22m,1371,4.37%
"December 24, 2014 at 12:12AM","December 24, 2014 at 06:25AM",5h 36m,20165,2h 52m,10371,42.48%,2h 43m,9794,40.12%,1h 10m,4249,17.4%
"December 25, 2014 at 01:47AM","December 25, 2014 at 07:55AM",5h 56m,21406,3h 57m,14255,62.23%,1h 59m,7151,31.22%,25m,1500,6.55%
"December 26, 2014 at 01:00AM","December 26, 2014 at 06:30AM",5h 25m,19514,3h 52m,13933,65.86%,1h 33m,5581,26.38%,27m,1641,7.76%
"December 26, 2014 at 10:54PM","December 27, 2014 at 07:45AM",8h 52m,31922,5h 11m,18661,57.68%,3h 41m,13261,40.99%,7m,430,1.33%
"December 28, 2014 at 02:00AM","December 28, 2014 at 09:30AM",7h 30m,27000,0,0,0%,0,0,0%,0,0,0%
"December 28, 2014 at 02:58AM","December 28, 2014 at 10:00AM",6h 59m,25189,4h 56m,17800,60.22%,2h 3m,7389,25%,1h 12m,4370,14.78%
"December 28, 2014 at 11:32PM","December 29, 2014 at 12:10AM",23m,1382,14m,841,35.62%,9m,541,22.91%,16m,979,41.47%
"December 29, 2014 at 12:29AM","December 29, 2014 at 06:30AM",5h 52m,21131,2h 56m,10573,44.72%,2h 55m,10558,44.65%,41m,2514,10.63%
"December 30, 2014 at 12:01AM","December 30, 2014 at 07:40AM",7h 35m,27337,4h 35m,16503,54.47%,3h 0m,10834,35.76%,49m,2961,9.77%
"December 31, 2014 at 12:05AM","December 31, 2014 at 06:30AM",6h 9m,22142,3h 41m,13260,54.92%,2h 28m,8882,36.79%,33m,2001,8.29%
"January 01, 2015 at 01:45AM","January 01, 2015 at 08:25AM",6h 32m,23528,3h 47m,13667,48.83%,2h 5m,7558,27%,1h 14m,4460,15.94%
"January 02, 2015 at 05:45AM","January 02, 2015 at 09:10AM",2h 22m,8532,1h 32m,5520,22.43%,50m,3012,12.24%,4h 27m,16078,65.33%
"January 02, 2015 at 01:45AM","January 02, 2015 at 04:35AM",2h 50m,10200,1h 20m,4800,42.11%,1h 30m,5400,47.37%,20m,1200,10.53%
"January 03, 2015 at 02:22AM","January 03, 2015 at 08:45AM",6h 34m,23684,3h 56m,14174,53.47%,2h 17m,8235,31.07%,47m,2823,10.65%
"January 04, 2015 at 12:21AM","January 04, 2015 at 08:30AM",9h 29m,34165,5h 20m,19201,54.69%,2h 48m,10080,28.71%,15m,945,2.69%
"January 05, 2015 at 12:37AM","January 05, 2015 at 05:30AM",5h 9m,18594,2h 21m,8461,41.51%,2h 34m,9298,45.61%,29m,1790,8.78%
"January 06, 2015 at 01:50AM","January 06, 2015 at 07:05AM",5h 3m,18201,2h 13m,8035,41.6%,2h 49m,10166,52.63%,18m,1116,5.78%
"January 07, 2015 at 12:55AM","January 07, 2015 at 07:45AM",6h 15m,22500,3h 0m,10800,41.86%,3h 15m,11700,45.35%,55m,3300,12.79%
"January 09, 2015 at 02:24AM","January 09, 2015 at 06:40AM",4h 29m,16147,2h 8m,7680,42.28%,2h 0m,7259,39.97%,33m,2016,11.1%
"January 09, 2015 at 12:22PM","January 09, 2015 at 02:50PM",2h 25m,8710,1h 4m,3899,34.62%,1h 13m,4380,38.9%,42m,2551,22.65%
"January 10, 2015 at 01:53AM","January 10, 2015 at 07:40AM",5h 25m,19517,3h 35m,12959,59.09%,1h 49m,6558,29.9%,40m,2415,11.01%
"January 11, 2015 at 04:06AM","January 11, 2015 at 08:25AM",4h 15m,15352,2h 19m,8364,51.62%,1h 52m,6720,41.47%,14m,851,5.25%
"January 11, 2015 at 10:16PM","January 12, 2015 at 05:30AM",7h 4m,25455,1h 42m,6134,23.28%,5h 22m,19321,73.33%,14m,894,3.39%
"January 13, 2015 at 01:25AM","January 13, 2015 at 06:30AM",5h 0m,18000,2h 55m,10500,51.47%,2h 5m,7500,36.76%,40m,2400,11.76%
"January 13, 2015 at 11:06PM","January 14, 2015 at 05:30AM",6h 26m,23212,3h 51m,13911,56.07%,2h 35m,9301,37.49%,26m,1599,6.44%
"January 14, 2015 at 10:39PM","January 15, 2015 at 05:35AM",6h 56m,25009,3h 38m,13126,51.77%,3h 18m,11883,46.87%,5m,344,1.36%
"January 15, 2015 at 11:50PM","January 16, 2015 at 05:30AM",5h 43m,20639,3h 30m,12600,60.16%,2h 13m,8039,38.39%,5m,304,1.45%
"January 17, 2015 at 12:04AM","January 17, 2015 at 07:45AM",7h 30m,27057,3h 42m,13379,47.43%,3h 47m,13678,48.49%,19m,1149,4.07%
"January 18, 2015 at 01:23AM","January 18, 2015 at 09:05AM",7h 36m,27371,4h 5m,14708,52.42%,3h 31m,12663,45.13%,11m,685,2.44%
"January 18, 2015 at 11:09PM","January 19, 2015 at 06:30AM",7h 23m,26590,4h 17m,15422,56.47%,3h 6m,11168,40.89%,12m,721,2.64%
"January 20, 2015 at 01:09AM","January 20, 2015 at 06:55AM",5h 47m,20826,3h 44m,13446,62.5%,2h 3m,7380,34.3%,11m,688,3.2%
"January 20, 2015 at 10:55PM","January 21, 2015 at 05:35AM",6h 43m,24207,4h 10m,15026,59.57%,2h 33m,9181,36.39%,16m,1019,4.04%
"January 22, 2015 at 12:26AM","January 22, 2015 at 06:45AM",6h 47m,24426,2h 43m,9781,37.44%,3h 35m,12902,49.39%,28m,1696,6.49%
"January 22, 2015 at 11:46PM","January 23, 2015 at 05:40AM",5h 56m,21383,2h 50m,10222,45.45%,3h 6m,11161,49.63%,18m,1106,4.92%
"January 23, 2015 at 09:55PM","January 24, 2015 at 07:20AM",9h 10m,33000,6h 5m,21900,62.39%,3h 5m,11100,31.62%,35m,2100,5.98%
"January 24, 2015 at 11:49PM","January 25, 2015 at 07:35AM",8h 21m,30075,4h 30m,16200,53.24%,3h 19m,11983,39.38%,5m,352,1.16%
"January 25, 2015 at 11:33PM","January 26, 2015 at 05:40AM",6h 5m,21900,3h 35m,12901,50.89%,2h 29m,8999,35.5%,57m,3452,13.62%
"January 25, 2015 at 11:33PM","January 26, 2015 at 05:40AM",6h 5m,21900,3h 35m,12901,50.89%,2h 29m,8999,35.5%,57m,3452,13.62%
"January 26, 2015 at 11:48PM","January 27, 2015 at 05:45AM",5h 59m,21575,2h 36m,9397,42.82%,3h 22m,12178,55.5%,6m,369,1.68%
"January 27, 2015 at 10:31PM","January 28, 2015 at 05:45AM",7h 4m,25469,3h 33m,12807,46.89%,3h 31m,12662,46.36%,30m,1845,6.75%
"January 28, 2015 at 09:29PM","January 29, 2015 at 05:30AM",7h 59m,28789,4h 24m,15870,53.39%,3h 35m,12919,43.46%,15m,934,3.14%
"January 30, 2015 at 12:12AM","January 30, 2015 at 12:50AM",40m,2440,12m,760,9.07%,28m,1680,20.05%,1h 38m,5939,70.88%
"January 30, 2015 at 01:23AM","January 30, 2015 at 05:30AM",4h 12m,15120,2h 26m,8760,52.43%,1h 46m,6360,38.07%,26m,1587,9.5%
"January 30, 2015 at 10:58PM","January 31, 2015 at 07:30AM",8h 45m,31521,4h 25m,15901,48.04%,3h 51m,13911,42.03%,26m,1578,4.77%
"January 31, 2015 at 10:06PM","February 01, 2015 at 04:30AM",6h 14m,22441,3h 53m,13981,59.07%,2h 21m,8460,35.74%,20m,1228,5.19%
"February 01, 2015 at 06:50AM","February 01, 2015 at 07:35AM",44m,2640,20m,1201,16.43%,23m,1439,19.68%,1h 17m,4671,63.89%
"February 02, 2015 at 03:04AM","February 02, 2015 at 06:40AM",3h 34m,12842,2h 6m,7562,55.21%,1h 28m,5280,38.55%,14m,856,6.25%
"February 03, 2015 at 12:00AM","February 03, 2015 at 05:30AM",5h 31m,19889,2h 24m,8699,42.65%,3h 6m,11190,54.86%,8m,509,2.5%
"February 03, 2015 at 10:52PM","February 04, 2015 at 05:30AM",6h 39m,23945,3h 47m,13624,54.77%,2h 52m,10321,41.49%,15m,931,3.74%
"February 04, 2015 at 11:04PM","February 05, 2015 at 05:30AM",6h 27m,23222,3h 38m,13139,54.98%,2h 48m,10083,42.19%,11m,676,2.83%
"February 05, 2015 at 11:09PM","February 06, 2015 at 05:35AM",6h 13m,22420,3h 9m,11380,48.51%,3h 4m,11040,47.06%,17m,1041,4.44%
"February 06, 2015 at 11:30PM","February 07, 2015 at 01:30AM",2h 0m,7200,40m,2400,33.33%,1h 20m,4800,66.67%,0,0,0%
"February 07, 2015 at 03:25AM","February 07, 2015 at 07:40AM",5h 23m,19418,2h 5m,7559,36.76%,1h 56m,6960,33.85%,19m,1146,5.57%
"February 08, 2015 at 12:05AM","February 08, 2015 at 08:00AM",7h 50m,28200,4h 30m,16200,56.84%,3h 20m,12000,42.11%,5m,300,1.05%
"February 08, 2015 at 10:50PM","February 09, 2015 at 05:30AM",6h 35m,23700,2h 30m,9000,36.14%,4h 5m,14700,59.04%,20m,1200,4.82%
"February 10, 2015 at 10:45PM","February 11, 2015 at 05:35AM",6h 49m,24540,4h 20m,15659,59.97%,2h 28m,8881,34.01%,26m,1572,6.02%
"February 09, 2015 at 11:50PM","February 10, 2015 at 05:30AM",5h 40m,20400,0,0,0%,0,0,0%,0,0,0%
"February 11, 2015 at 11:24PM","February 12, 2015 at 06:35AM",7h 7m,25668,4h 44m,17088,62.82%,2h 23m,8580,31.54%,25m,1533,5.64%
"February 12, 2015 at 10:52PM","February 13, 2015 at 05:35AM",6h 43m,24235,3h 47m,13622,54.31%,2h 53m,10439,41.62%,14m,848,3.38%
"February 13, 2015 at 11:55PM","February 14, 2015 at 07:30AM",7h 36m,27415,3h 46m,13561,48.93%,3h 50m,13854,49.99%,4m,298,1.08%
"February 15, 2015 at 03:51AM","February 15, 2015 at 09:25AM",5h 55m,21332,2h 19m,8346,32.88%,2h 43m,9799,38.61%,1h 7m,4048,15.95%
"February 15, 2015 at 10:44PM","February 16, 2015 at 05:00AM",6h 13m,22406,2h 29m,8941,37.92%,3h 39m,13143,55.74%,19m,1174,4.98%
"February 16, 2015 at 11:40PM","February 17, 2015 at 06:10AM",6h 33m,23588,3h 34m,12899,52.16%,2h 54m,10443,42.23%,19m,1143,4.62%
"February 18, 2015 at 12:22AM","February 18, 2015 at 07:00AM",6h 37m,23834,2h 55m,10503,42.52%,3h 42m,13331,53.97%,14m,865,3.5%
"February 24, 2015 at 11:51PM","February 25, 2015 at 05:30AM",5h 40m,20400,3h 35m,12900,60.31%,2h 5m,7500,35.06%,16m,991,4.63%
"February 24, 2015 at 11:51PM","February 25, 2015 at 05:30AM",5h 40m,20400,3h 35m,12900,60.31%,2h 5m,7500,35.06%,16m,991,4.63%
"February 26, 2015 at 12:07AM","February 26, 2015 at 05:50AM",5h 39m,20356,3h 47m,13670,63.01%,1h 40m,6008,27.69%,22m,1340,6.18%
"February 26, 2015 at 10:42PM","February 27, 2015 at 05:30AM",6h 50m,24600,4h 51m,17518,66.86%,1h 58m,7082,27.03%,26m,1602,6.11%
"February 28, 2015 at 12:45AM","February 28, 2015 at 07:50AM",6h 50m,24600,3h 0m,10800,38.3%,3h 50m,13800,48.94%,1h 0m,3600,12.77%
"March 01, 2015 at 12:35AM","March 01, 2015 at 08:05AM",7h 25m,26700,4h 55m,17700,61.46%,2h 30m,9000,31.25%,35m,2100,7.29%
"March 01, 2015 at 10:30PM","March 02, 2015 at 05:30AM",7h 1m,25261,4h 19m,15599,60.08%,2h 41m,9662,37.21%,11m,703,2.71%
"March 02, 2015 at 11:17PM","March 03, 2015 at 05:30AM",6h 12m,22349,4h 0m,14428,62.58%,2h 12m,7921,34.36%,11m,707,3.07%
"March 03, 2015 at 11:26PM","March 04, 2015 at 05:35AM",6h 7m,22020,3h 39m,13141,55.84%,2h 27m,8879,37.73%,25m,1515,6.44%
"March 04, 2015 at 11:53PM","March 05, 2015 at 05:40AM",5h 45m,20700,3h 36m,13019,57.94%,2h 8m,7681,34.18%,29m,1769,7.87%
"March 05, 2015 at 11:56PM","March 06, 2015 at 05:55AM",5h 59m,21566,4h 41m,16886,73.26%,1h 18m,4680,20.3%,24m,1484,6.44%
"March 06, 2015 at 10:31PM","March 07, 2015 at 06:40AM",8h 8m,29309,4h 49m,17367,58.6%,3h 19m,11942,40.29%,5m,330,1.11%
"March 08, 2015 at 01:25AM","March 08, 2015 at 08:00AM",6h 57m,25046,4h 48m,17338,66.03%,40m,2458,9.36%,20m,1213,4.62%
"March 09, 2015 at 04:04AM","March 09, 2015 at 07:55AM",5h 50m,21043,2h 19m,8340,38.2%,1h 22m,4972,22.77%,13m,791,3.62%
"March 10, 2015 at 02:00AM","March 10, 2015 at 08:10AM",6h 9m,22193,3h 34m,12898,57.28%,2h 34m,9295,41.28%,5m,323,1.43%
"March 11, 2015 at 01:55AM","March 11, 2015 at 08:00AM",5h 30m,19800,3h 5m,11100,42.53%,2h 25m,8700,33.33%,1h 45m,6300,24.14%
"March 12, 2015 at 03:40AM","March 12, 2015 at 09:25AM",5h 30m,19800,3h 35m,12900,53.75%,1h 55m,6900,28.75%,1h 10m,4200,17.5%
"March 13, 2015 at 03:40AM","March 13, 2015 at 07:45AM",4h 9m,14969,2h 21m,8484,51.85%,1h 44m,6259,38.25%,23m,1393,8.51%
"March 14, 2015 at 01:01AM","March 14, 2015 at 08:25AM",7h 1m,25286,3h 28m,12506,46.55%,3h 33m,12780,47.57%,26m,1578,5.87%
"March 14, 2015 at 10:57PM","March 15, 2015 at 08:05AM",9h 7m,32841,5h 24m,19461,57.21%,3h 43m,13380,39.33%,19m,1177,3.46%
"March 15, 2015 at 10:19PM","March 16, 2015 at 05:30AM",7h 10m,25831,3h 22m,12150,46.35%,3h 48m,13681,52.2%,6m,380,1.45%
"March 16, 2015 at 11:35PM","March 17, 2015 at 05:35AM",6h 1m,21719,3h 54m,14099,55.38%,2h 7m,7620,29.93%,1h 2m,3738,14.68%
"March 18, 2015 at 12:31AM","March 18, 2015 at 05:30AM",5h 0m,18019,3h 30m,12619,69.1%,1h 30m,5400,29.57%,4m,242,1.33%
"March 17, 2015 at 11:00PM","March 18, 2015 at 12:30AM",1h 30m,5400,0,0,0%,0,0,0%,0,0,0%
"March 19, 2015 at 11:30PM","March 20, 2015 at 05:30AM",6h 0m,21600,0,0,0%,0,0,0%,0,0,0%
"March 21, 2015 at 02:54AM","March 21, 2015 at 07:45AM",4h 51m,17517,3h 47m,13676,75.14%,1h 4m,3841,21.1%,11m,683,3.75%
"March 22, 2015 at 12:03AM","March 22, 2015 at 08:00AM",8h 0m,28833,3h 36m,12992,44.68%,4h 24m,15841,54.48%,4m,244,0.84%
"March 22, 2015 at 03:05PM","March 22, 2015 at 04:25PM",1h 15m,4500,35m,2100,41.18%,40m,2400,47.06%,10m,600,11.76%
"March 23, 2015 at 12:04AM","March 23, 2015 at 05:35AM",5h 39m,20394,2h 27m,8822,41.76%,3h 3m,10981,51.98%,12m,732,3.46%
"March 23, 2015 at 10:15PM","March 24, 2015 at 05:30AM",7h 15m,26100,3h 56m,14161,53.07%,3h 18m,11939,44.74%,9m,586,2.2%
"March 24, 2015 at 10:41PM","March 25, 2015 at 05:35AM",6h 52m,24720,3h 59m,14340,54.82%,2h 53m,10380,39.68%,24m,1440,5.5%
"March 25, 2015 at 10:28PM","March 26, 2015 at 05:30AM",7h 5m,25559,4h 7m,14820,57.34%,2h 58m,10739,41.55%,4m,285,1.1%
"March 26, 2015 at 11:40PM","March 27, 2015 at 05:35AM",6h 2m,21779,2h 10m,7800,34.53%,3h 43m,13381,59.23%,13m,811,3.59%
"March 27, 2015 at 11:30PM","March 28, 2015 at 07:30AM",8h 0m,28800,0,0,0%,0,0,0%,0,0,0%
"March 28, 2015 at 11:25PM","March 29, 2015 at 07:55AM",8h 39m,31194,4h 45m,17100,49.94%,3h 41m,13262,38.73%,50m,3044,8.89%
"March 30, 2015 at 01:30AM","March 30, 2015 at 07:00AM",5h 30m,19835,3h 15m,11701,56.58%,2h 15m,8134,39.33%,14m,846,4.09%
"March 30, 2015 at 11:04PM","March 31, 2015 at 06:15AM",7h 10m,25855,3h 34m,12896,47.68%,3h 25m,12304,45.49%,19m,1190,4.4%
"April 01, 2015 at 12:13AM","April 01, 2015 at 06:30AM",6h 23m,23036,3h 38m,13138,55.17%,2h 37m,9423,39.57%,12m,778,3.27%
"April 02, 2015 at 12:00AM","April 02, 2015 at 07:45AM",7h 42m,27732,5h 9m,18552,65.34%,2h 33m,9180,32.33%,11m,660,2.32%
"April 02, 2015 at 10:19PM","April 03, 2015 at 06:30AM",8h 11m,29516,5h 5m,18301,60.41%,3h 6m,11215,37.02%,12m,779,2.57%
"April 03, 2015 at 11:56PM","April 04, 2015 at 07:00AM",7h 3m,25380,3h 41m,13261,51.35%,3h 21m,12119,46.93%,7m,445,1.72%
"April 05, 2015 at 03:58AM","April 05, 2015 at 08:55AM",5h 0m,18052,2h 44m,9840,53.11%,2h 14m,8050,43.45%,7m,474,2.56%
"April 05, 2015 at 10:10PM","April 06, 2015 at 06:30AM",8h 20m,30000,0,0,0%,0,0,0%,0,0,0%
"April 05, 2015 at 10:38PM","April 06, 2015 at 06:50AM",8h 13m,29585,4h 9m,14999,50.02%,4h 3m,14586,48.64%,6m,401,1.34%
"April 07, 2015 at 12:48AM","April 07, 2015 at 07:25AM",6h 23m,22987,3h 37m,13025,53.84%,2h 46m,9962,41.18%,20m,1206,4.98%
"April 08, 2015 at 01:55AM","April 08, 2015 at 07:00AM",4h 56m,17776,3h 43m,13382,70.86%,1h 13m,4394,23.27%,18m,1109,5.87%
"April 08, 2015 at 12:20AM","April 08, 2015 at 01:35AM",1h 10m,4200,35m,2100,38.89%,35m,2100,38.89%,20m,1200,22.22%
"April 08, 2015 at 10:05PM","April 09, 2015 at 06:55AM",8h 51m,31868,4h 20m,15657,48.6%,4h 30m,16211,50.32%,5m,351,1.09%
"April 10, 2015 at 01:35AM","April 10, 2015 at 06:55AM",5h 19m,19178,2h 15m,8120,40.34%,3h 4m,11058,54.93%,15m,953,4.73%
"April 11, 2015 at 10:30PM","April 12, 2015 at 07:25AM",8h 55m,32100,0,0,0%,0,0,0%,0,0,0%
"April 11, 2015 at 01:00AM","April 11, 2015 at 08:30AM",7h 30m,27000,0,0,0%,0,0,0%,0,0,0%
"April 12, 2015 at 11:17PM","April 13, 2015 at 05:40AM",6h 35m,23721,3h 50m,13801,56.92%,2h 33m,9181,37.87%,8m,524,2.16%
"April 14, 2015 at 01:01AM","April 14, 2015 at 06:35AM",5h 37m,20258,2h 19m,8378,39.96%,3h 18m,11880,56.67%,11m,707,3.37%
"April 15, 2015 at 12:41AM","April 15, 2015 at 05:35AM",4h 53m,17582,2h 25m,8700,47.18%,2h 28m,8882,48.17%,14m,857,4.65%
"April 16, 2015 at 10:47PM","April 17, 2015 at 06:40AM",8h 6m,29164,3h 25m,12357,39.25%,4h 6m,14762,46.88%,38m,2322,7.37%
"April 17, 2015 at 10:40PM","April 18, 2015 at 08:10AM",9h 21m,33695,5h 31m,19893,56.37%,3h 50m,13802,39.11%,26m,1597,4.53%
"April 18, 2015 at 11:26PM","April 19, 2015 at 07:10AM",8h 6m,29189,4h 0m,14458,47.46%,3h 42m,13323,43.74%,21m,1274,4.18%
"April 19, 2015 at 11:26PM","April 20, 2015 at 05:40AM",6h 14m,22477,3h 44m,13477,58.22%,2h 30m,9000,38.88%,11m,672,2.9%
"April 20, 2015 at 11:08PM","April 21, 2015 at 06:25AM",7h 18m,26339,3h 20m,12056,44.75%,3h 58m,14283,53.02%,9m,599,2.22%
"April 21, 2015 at 10:35PM","April 22, 2015 at 06:40AM",7h 51m,28274,3h 55m,14100,45.33%,3h 56m,14164,45.53%,47m,2832,9.1%